platform,content_type,post_hour,day_of_week,follower_count,hashtag_count,caption_length,video_duration_sec,has_cta,likes,comments,shares,engagement_rate,engagement_level
Instagram,Carousel,20,Mon,11172,18.0,193.0,0,0,717,25,35,0.08656,Medium
YouTube,Reel/Video,12,Fri,19124,18.0,200.0,38,1,1428,134,63,0.11216,Medium
Facebook,Image,12,Thu,5221,,231.0,0,0,158,7,6,0.04003,Low
Facebook,Image,3,Tue,13837,18.0,22.0,0,0,412,13,22,0.04054,Low
YouTube,Story,5,Sat,20101,14.0,340.0,171,0,1401,154,93,0.11582,Medium
Instagram,Image,21,Sun,167268,8.0,331.0,0,1,17153,1193,1193,0.15961,High
YouTube,Reel/Video,16,Sat,79088,26.0,16.0,108,0,8346,769,361,0.15752,High
Instagram,Image,1,Wed,7632,16.0,293.0,0,1,489,46,15,0.09198,Medium
YouTube,Reel/Video,15,Thu,1424,25.0,485.0,5,1,163,13,9,0.17346,High
Instagram,Text,13,Tue,17706,11.0,144.0,0,1,813,24,63,0.06777,Low
Instagram,Image,9,Fri,54202,10.0,470.0,0,0,2628,185,148,0.07238,Low
Instagram,Story,12,Sat,3340,2.0,139.0,84,1,309,17,19,0.13623,High
YouTube,Image,12,Sat,6153,28.0,78.0,0,0,284,28,20,0.07606,Low
X,Reel/Video,14,Sun,24180,12.0,286.0,66,1,2408,133,58,0.12808,High
YouTube,Carousel,18,Sat,26082,4.0,224.0,0,1,2747,201,188,0.16448,High
Instagram,Reel/Video,12,Sat,1816,23.0,367.0,7,0,147,4,7,0.10683,Medium
YouTube,Image,21,Thu,64636,20.0,173.0,0,0,4229,263,287,0.09984,Medium
X,Image,2,Thu,5436,7.0,452.0,0,0,198,13,3,0.04636,Low
YouTube,Image,8,Wed,1608,2.0,273.0,0,0,24,1,1,0.0199,Low
Instagram,Image,19,Sat,7084,4.0,101.0,0,0,448,36,12,0.08696,Medium
Instagram,Reel/Video,7,Thu,4191,2.0,485.0,121,0,276,27,3,0.08876,Medium
X,Image,19,Mon,2606,0.0,273.0,0,0,181,21,11,0.11474,Medium
Facebook,Carousel,7,Sat,59878,24.0,365.0,0,0,2760,153,205,0.07088,Low
YouTube,Reel/Video,20,Wed,7361,16.0,256.0,17,0,808,82,18,0.15541,High
YouTube,Reel/Video,13,Sat,34731,19.0,104.0,102,1,3665,151,242,0.15341,High
YouTube,Reel/Video,0,Fri,6864,8.0,205.0,81,1,526,25,34,0.11233,Medium
Instagram,Carousel,20,Fri,6898,27.0,113.0,0,0,480,11,17,0.08669,Medium
X,Image,1,Sat,15790,27.0,420.0,0,1,1349,31,67,0.11254,Medium
Facebook,Image,0,Wed,13400,16.0,177.0,0,1,808,35,21,0.07597,Low
YouTube,Image,18,Mon,2069,13.0,467.0,0,1,148,14,8,0.11116,Medium
Facebook,Reel/Video,22,Tue,4036,,253.0,85,0,489,16,15,0.15164,High
X,Story,15,Sat,59275,16.0,20.0,167,1,5933,616,323,0.15852,High
Facebook,Reel/Video,5,Thu,9306,16.0,139.0,100,1,800,54,23,0.11573,Medium
X,Image,3,Sun,29468,27.0,378.0,0,0,1611,126,54,0.07666,Medium
X,Carousel,3,Sat,34912,30.0,52.0,0,0,2358,118,108,0.09315,Medium
Facebook,Carousel,10,Tue,7452,18.0,490.0,0,1,345,13,15,0.06159,Low
Instagram,Carousel,0,Thu,1845,18.0,305.0,0,1,96,10,7,0.08726,Medium
Facebook,Reel/Video,12,Tue,20695,0.0,321.0,116,1,1629,165,29,0.10964,Medium
Instagram,Image,4,Thu,9625,27.0,80.0,0,0,330,25,15,0.04987,Low
YouTube,Reel/Video,10,Sat,18454,13.0,303.0,147,1,2329,123,108,0.17546,High
YouTube,Image,11,Tue,8961,15.0,60.0,0,0,471,41,28,0.08191,Medium
X,Reel/Video,23,Sun,7511,0.0,272.0,63,0,416,24,27,0.08295,Medium
YouTube,Carousel,5,Wed,5950,3.0,191.0,0,1,267,25,5,0.06168,Low
YouTube,Reel/Video,2,Wed,486,5.0,236.0,41,1,31,1,1,0.08025,Medium
X,Carousel,15,Sun,19172,22.0,420.0,0,0,842,22,34,0.05623,Low
X,Text,21,Mon,13140,20.0,327.0,0,0,592,64,16,0.06575,Low
YouTube,Carousel,19,Sat,2422,25.0,290.0,0,0,233,11,18,0.14699,High
Instagram,Reel/Video,22,Sun,11077,28.0,478.0,148,1,1541,87,116,0.21504,High
Instagram,Image,7,Mon,30609,6.0,219.0,0,0,1164,105,87,0.06253,Low
YouTube,Carousel,3,Wed,32431,,297.0,0,0,1025,50,54,0.04456,Low
YouTube,Image,13,Tue,32954,21.0,15.0,0,0,1600,142,37,0.06709,Low
YouTube,Reel/Video,7,Sat,36518,15.0,482.0,34,0,3413,200,45,0.11605,Medium
YouTube,Reel/Video,13,Fri,10012,2.0,286.0,143,1,914,89,15,0.12545,High
Facebook,Carousel,20,Wed,6015,14.0,263.0,0,1,456,12,27,0.10424,Medium
Instagram,Image,17,Sun,4304,4.0,93.0,0,0,208,9,12,0.06854,Low
Instagram,Carousel,13,Fri,75974,24.0,237.0,0,1,4682,505,247,0.09782,Medium
Facebook,Image,12,Thu,5115,27.0,158.0,0,0,338,32,6,0.09071,Medium
Instagram,Text,17,Sun,26219,13.0,398.0,0,1,253000,125,34,0.09436,Medium
Facebook,Image,22,Fri,50320,26.0,43.0,0,0,2490,68,94,0.06288,Low
Instagram,Reel/Video,22,Mon,17853,2.0,197.0,125,0,1299,66,47,0.09701,Medium
Instagram,Reel/Video,5,Fri,15157,,209.0,176,0,1227,26,81,0.11282,Medium
Instagram,Reel/Video,13,Sat,1482,13.0,499.0,17,0,123,12,9,0.13765,High
Facebook,Carousel,10,Sun,5317,6.0,,0,1,347,9,18,0.08727,Medium
Instagram,Carousel,13,Wed,1238,21.0,90.0,0,1,56,3,1,0.05654,Low
YouTube,Reel/Video,0,Tue,3679,19.0,406.0,143,1,384,28,26,0.16254,High
Instagram,Carousel,14,Fri,2328,9.0,11.0,0,0,62,1,4,0.03651,Low
Instagram,Image,3,Fri,9767,13.0,167.0,0,1,728,61,44,0.1158,Medium
X,Carousel,6,Thu,7119,22.0,171.0,0,1,359,10,17,0.06658,Low
Instagram,Image,4,Sun,961,9.0,153.0,0,0,53,1,0,0.05827,Low
X,Reel/Video,18,Fri,4724,11.0,374.0,147,0,502,32,14,0.14141,High
YouTube,Reel/Video,17,Sun,13874,10.0,358.0,48,1,1644,135,74,0.17435,High
YouTube,Story,16,Tue,2826,27.0,46.0,66,0,196,5,6,0.08528,Medium
YouTube,Carousel,18,Mon,7371,7.0,103.0,0,1,797,42,60,0.16592,High
X,Image,21,Wed,1898,9.0,28.0,0,1,166,19,6,0.1333,High
Instagram,Reel/Video,21,Mon,10747,17.0,498.0,180,1,1637,120,44,0.20629,High
Instagram,Carousel,0,Thu,1845,18.0,305.0,0,1,96,10,7,0.08726,Medium
Instagram,Image,13,Sat,6930,30.0,432.0,0,0,407,12,31,0.08629,Medium
X,Text,6,Sat,10696,27.0,464.0,0,0,504,31,14,0.06236,Low
Instagram,Reel/Video,19,Sun,4537,16.0,365.0,122,0,496,12,20,0.1393,High
YouTube,Text,19,Mon,2571,13.0,441.0,0,0,179,6,13,0.10191,Medium
X,Reel/Video,10,Fri,5089,1.0,455.0,148,0,287,8,19,0.07978,Medium
YouTube,Reel/Video,15,Fri,3163,1.0,444.0,156,1,261,28,3,0.11382,Medium
X,Reel/Video,10,Sun,37015,8.0,315.0,149,1,4895,321,51,0.16515,High
Facebook,Image,14,Sat,7445,1.0,313.0,0,0,292,28,21,0.06461,Low
YouTube,Reel/Video,10,Mon,1461,19.0,109.0,76,0,154,6,3,0.12799,High
YouTube,Reel/Video,11,Sun,40512,6.0,361.0,140,1,4399,513,217,0.17336,High
Facebook,Carousel,17,Fri,18868,2.0,149.0,0,0,416,27,26,0.03323,Low
X,Image,12,Fri,37066,29.0,134.0,0,0,1288,116,99,0.05749,Low
YouTube,Carousel,17,Sat,35288,7.0,141.0,0,1,1968,125,126,0.08425,Medium
Facebook,Image,9,Tue,42319,21.0,137.0,0,1,2543,273,113,0.0928,Medium
Facebook,Story,22,Wed,14233,5.0,139.0,172,1,1673,80,87,0.16497,High
Facebook,Reel/Video,19,Sat,9357,8.0,353.0,96,0,1393,166,93,0.25179,High
Instagram,Story,23,Sat,71992,20.0,152.0,171,1,10923,454,711,0.22002,High
X,Image,9,Mon,4228,,31.0,0,0,219,6,14,0.07261,Low
YouTube,Text,10,Mon,26153,3.0,375.0,0,1,1613,116,69,0.08817,Medium
Instagram,Reel/Video,13,Fri,15406,19.0,,125,0,1051,114,60,0.10989,Medium
X,Text,2,Fri,19459,6.0,405.0,0,0,516,57,30,0.04301,Low
Instagram,Image,1,Tue,7331,7.0,227.0,0,0,162,4,4,0.02646,Low
Facebook,Image,0,Sat,4487,25.0,67.0,0,0,223,13,2,0.06062,Low
Instagram,Reel/Video,0,Mon,11940,8.0,144.0,33,1,925,52,38,0.10645,Medium
